merchant_id,valid_from,fee_rate_bps,settlement_sla_days,valid_to
1,2019-01-17,150,3,
2,2016-10-12,150,3,2024-09-30
2,2024-10-01,110,3,
3,2019-02-15,250,3,2024-09-30
3,2024-10-01,210,3,
4,2024-07-08,150,3,2024-09-30
4,2024-10-01,110,3,
5,2019-01-23,250,3,
6,2020-01-31,150,3,2024-09-30
6,2024-10-01,110,3,
7,2022-11-29,150,3,
8,2020-06-08,150,3,2024-09-30
8,2024-10-01,110,3,
9,2024-08-14,250,3,
10,2021-09-28,150,3,2024-09-30
10,2024-10-01,110,3,
11,2020-05-25,150,3,
12,2019-05-02,250,3,2024-09-30
12,2024-10-01,210,3,
13,2016-07-07,150,3,
14,2016-03-05,150,3,
15,2018-11-28,150,3,
16,2021-11-17,150,3,2024-09-30
16,2024-10-01,110,3,
17,2016-10-11,250,3,
18,2018-03-12,150,3,
19,2019-11-18,250,3,
20,2018-09-30,150,3,
21,2019-05-23,150,3,
22,2021-10-24,150,3,
23,2022-02-21,150,3,2024-09-30
23,2024-10-01,110,3,
24,2017-02-28,150,3,
25,2020-06-30,150,3,
26,2019-04-21,400,5,
27,2021-06-03,150,3,
28,2018-07-27,150,3,2024-09-30
28,2024-10-01,110,3,
29,2016-01-22,150,3,
30,2016-12-29,150,3,
31,2019-03-30,150,3,2024-09-30
31,2024-10-01,110,3,
32,2019-10-24,250,3,
33,2022-04-18,150,3,
34,2017-06-30,150,3,2024-09-30
34,2024-10-01,110,3,
35,2016-04-25,150,3,
36,2020-10-25,250,3,
37,2017-10-23,150,3,
38,2017-05-15,150,3,
39,2021-10-14,150,3,2024-09-30
39,2024-10-01,110,3,
40,2019-02-05,250,3,
41,2021-12-04,150,3,
42,2023-04-23,150,3,
43,2019-01-25,400,5,2024-09-30
43,2024-10-01,360,5,
44,2019-02-18,150,3,
45,2019-07-31,150,3,
46,2021-09-13,150,3,2024-09-30
46,2024-10-01,110,3,
47,2021-11-27,150,3,
48,2018-10-11,250,3,2024-09-30
48,2024-10-01,210,3,
49,2016-10-27,150,3,2024-09-30
49,2024-10-01,110,3,
50,2016-03-15,150,3,2024-09-30
50,2024-10-01,110,3,
51,2021-01-13,150,3,
52,2016-03-25,150,3,2024-09-30
52,2024-10-01,110,3,
53,2024-05-03,150,3,
54,2017-11-27,150,3,
55,2021-11-02,250,3,2024-09-30
55,2024-10-01,210,3,
56,2018-03-02,150,3,2024-09-30
56,2024-10-01,110,3,
57,2022-02-20,150,3,2024-09-30
57,2024-10-01,110,3,
58,2019-02-03,150,3,
59,2017-11-01,250,3,2024-09-30
59,2024-10-01,210,3,
60,2021-07-26,150,3,2024-09-30
60,2024-10-01,110,3,
61,2018-06-22,150,3,
62,2016-11-15,150,3,
63,2017-09-22,150,3,2024-09-30
63,2024-10-01,110,3,
64,2023-03-03,150,3,
65,2022-10-22,150,3,
66,2019-10-18,150,3,
67,2020-02-07,250,3,
68,2018-11-17,150,3,
69,2022-09-02,150,3,
70,2021-01-16,250,3,2024-09-30
70,2024-10-01,210,3,
71,2023-12-19,150,3,
72,2020-06-25,150,3,2024-09-30
72,2024-10-01,110,3,
73,2016-06-30,150,3,
74,2018-08-05,150,3,
75,2019-08-23,150,3,
76,2018-05-20,150,3,
77,2021-12-09,150,3,
78,2024-07-16,150,3,2024-09-30
78,2024-10-01,110,3,
79,2017-03-31,150,3,2024-09-30
79,2024-10-01,110,3,
80,2024-07-26,150,3,
81,2018-08-15,250,3,
82,2020-01-26,150,3,2024-09-30
82,2024-10-01,110,3,
83,2020-09-16,150,3,2024-09-30
83,2024-10-01,110,3,
84,2018-08-12,150,3,
85,2016-01-16,150,3,2024-09-30
85,2024-10-01,110,3,
86,2017-07-12,150,3,
87,2024-01-18,150,3,
88,2020-10-02,150,3,
89,2019-02-28,150,3,
90,2020-01-24,150,3,
91,2016-07-18,250,3,2024-09-30
91,2024-10-01,210,3,
92,2020-10-22,250,3,
93,2020-08-27,400,5,
94,2016-05-14,150,3,
95,2020-02-14,150,3,
96,2017-05-21,150,3,
97,2019-08-19,150,3,
98,2017-01-13,150,3,
99,2018-02-07,150,3,2024-09-30
99,2024-10-01,110,3,
100,2019-11-28,150,3,
101,2016-10-09,400,5,
102,2020-01-25,150,3,
103,2020-04-18,150,3,
104,2019-03-30,150,3,
105,2019-01-29,150,3,
106,2020-05-26,150,3,
107,2017-03-09,150,3,
108,2017-11-14,150,3,2024-09-30
108,2024-10-01,110,3,
109,2023-07-22,150,3,
110,2020-02-11,150,3,
111,2022-12-27,150,3,
112,2016-03-19,150,3,2024-09-30
112,2024-10-01,110,3,
113,2016-07-17,150,3,2024-09-30
113,2024-10-01,110,3,
114,2019-02-02,150,3,2024-09-30
114,2024-10-01,110,3,
115,2016-10-07,250,3,
116,2019-07-23,150,3,2024-09-30
116,2024-10-01,110,3,
117,2020-10-20,150,3,
118,2021-08-21,250,3,
119,2022-02-28,150,3,
120,2016-06-29,150,3,
121,2019-01-27,150,3,2024-09-30
121,2024-10-01,110,3,
122,2020-04-17,150,3,
123,2016-11-19,150,3,
124,2023-12-12,150,3,
125,2020-12-21,150,3,
126,2023-07-22,150,3,
127,2017-11-20,150,3,
128,2021-01-06,150,3,
129,2017-12-18,250,3,
130,2022-12-12,150,3,
131,2022-10-22,150,3,
132,2023-11-21,250,3,
133,2018-10-30,150,3,2024-09-30
133,2024-10-01,110,3,
134,2019-10-08,250,3,
135,2016-05-26,150,3,2024-09-30
135,2024-10-01,110,3,
136,2021-06-29,150,3,
137,2018-02-23,150,3,2024-09-30
137,2024-10-01,110,3,
138,2017-05-17,150,3,2024-09-30
138,2024-10-01,110,3,
139,2022-07-08,150,3,
140,2018-05-06,150,3,
141,2016-11-18,150,3,2024-09-30
141,2024-10-01,110,3,
142,2022-06-29,150,3,
143,2019-11-16,150,3,2024-09-30
143,2024-10-01,110,3,
144,2020-03-26,150,3,
145,2018-09-25,150,3,
146,2017-08-25,150,3,2024-09-30
146,2024-10-01,110,3,
147,2017-06-17,250,3,
148,2021-12-10,150,3,2024-09-30
148,2024-10-01,110,3,
149,2017-01-07,150,3,2024-09-30
149,2024-10-01,110,3,
150,2023-07-31,150,3,
151,2018-01-31,250,3,2024-09-30
151,2024-10-01,210,3,
152,2022-01-19,150,3,
153,2018-12-22,250,3,
154,2021-01-19,150,3,
155,2022-04-13,150,3,2024-09-30
155,2024-10-01,110,3,
156,2021-10-07,150,3,
157,2023-07-19,150,3,
158,2018-01-17,150,3,
159,2016-05-09,150,3,
160,2017-10-06,150,3,
161,2021-05-03,150,3,
162,2022-06-11,250,3,
163,2017-01-19,150,3,
164,2016-01-18,150,3,2024-09-30
164,2024-10-01,110,3,
165,2021-06-17,150,3,2024-09-30
165,2024-10-01,110,3,
166,2017-10-22,150,3,
167,2022-01-18,150,3,
168,2020-01-21,250,3,
169,2023-11-11,150,3,2024-09-30
169,2024-10-01,110,3,
170,2016-09-22,150,3,
171,2017-04-05,150,3,
172,2016-12-02,150,3,
173,2021-11-13,150,3,
174,2021-03-30,150,3,
175,2016-02-07,150,3,2024-09-30
175,2024-10-01,110,3,
176,2018-04-28,150,3,
177,2019-09-23,150,3,
178,2024-04-24,250,3,2024-09-30
178,2024-10-01,210,3,
179,2020-11-22,250,3,
180,2018-02-28,250,3,
181,2019-09-08,150,3,
182,2020-07-08,150,3,2024-09-30
182,2024-10-01,110,3,
183,2018-12-22,150,3,
184,2018-08-11,150,3,2024-09-30
184,2024-10-01,110,3,
185,2024-08-12,150,3,2024-09-30
185,2024-10-01,110,3,
186,2017-11-27,150,3,
187,2019-12-21,250,3,2024-09-30
187,2024-10-01,210,3,
188,2023-08-19,150,3,
189,2019-11-28,150,3,2024-09-30
189,2024-10-01,110,3,
190,2017-01-31,150,3,
191,2019-03-17,150,3,
192,2023-08-26,150,3,
193,2020-06-28,250,3,
194,2017-01-07,150,3,
195,2020-09-23,250,3,2024-09-30
195,2024-10-01,210,3,
196,2016-05-16,150,3,
197,2021-11-25,150,3,
198,2016-11-16,150,3,2024-09-30
198,2024-10-01,110,3,
199,2021-01-21,150,3,
200,2016-05-29,250,3,2024-09-30
200,2024-10-01,210,3,
201,2016-05-10,150,3,
202,2017-02-11,150,3,
203,2018-07-25,150,3,
204,2019-08-26,250,3,
205,2020-10-11,150,3,
206,2020-01-30,150,3,
207,2023-02-15,150,3,2024-09-30
207,2024-10-01,110,3,
208,2018-09-04,150,3,
209,2017-09-22,250,3,2024-09-30
209,2024-10-01,210,3,
210,2017-06-20,150,3,
211,2019-05-23,150,3,
212,2017-05-17,150,3,
213,2020-10-25,150,3,
214,2019-01-26,150,3,
215,2020-03-03,150,3,
216,2019-09-14,150,3,
217,2019-10-22,150,3,2024-09-30
217,2024-10-01,110,3,
218,2021-04-07,150,3,
219,2022-02-12,250,3,2024-09-30
219,2024-10-01,210,3,
220,2022-11-24,150,3,
221,2016-04-06,150,3,
222,2020-09-09,250,3,
223,2021-12-31,150,3,2024-09-30
223,2024-10-01,110,3,
224,2023-02-21,150,3,
225,2018-12-24,250,3,
226,2019-07-03,150,3,2024-09-30
226,2024-10-01,110,3,
227,2022-06-01,150,3,
228,2019-05-15,150,3,2024-09-30
228,2024-10-01,110,3,
229,2020-07-01,150,3,
230,2018-06-05,150,3,2024-09-30
230,2024-10-01,110,3,
231,2018-07-08,150,3,2024-09-30
231,2024-10-01,110,3,
232,2020-06-30,150,3,
233,2023-04-29,150,3,2024-09-30
233,2024-10-01,110,3,
234,2017-08-02,150,3,
235,2017-10-02,150,3,2024-09-30
235,2024-10-01,110,3,
236,2019-11-27,150,3,2024-09-30
236,2024-10-01,110,3,
237,2017-02-26,250,3,
238,2024-08-23,150,3,
239,2024-03-26,150,3,
240,2019-04-20,400,5,2024-09-30
240,2024-10-01,360,5,
241,2017-01-21,150,3,
242,2016-09-28,150,3,
243,2020-08-15,150,3,
244,2019-12-09,150,3,
245,2018-12-22,150,3,
246,2018-01-15,150,3,
247,2024-08-10,150,3,
248,2017-08-21,150,3,
249,2018-11-30,250,3,2024-09-30
249,2024-10-01,210,3,
250,2021-03-13,150,3,
251,2020-04-01,150,3,2024-09-30
251,2024-10-01,110,3,
252,2017-04-05,150,3,2024-09-30
252,2024-10-01,110,3,
253,2020-04-10,150,3,
254,2022-12-05,150,3,2024-09-30
254,2024-10-01,110,3,
255,2017-11-12,150,3,
256,2021-08-12,250,3,2024-09-30
256,2024-10-01,210,3,
257,2022-08-01,150,3,
258,2023-08-22,150,3,2024-09-30
258,2024-10-01,110,3,
259,2022-05-27,150,3,
260,2021-08-14,150,3,
261,2019-05-10,150,3,2024-09-30
261,2024-10-01,110,3,
262,2019-01-15,150,3,2024-09-30
262,2024-10-01,110,3,
263,2024-03-24,150,3,
264,2021-05-03,150,3,2024-09-30
264,2024-10-01,110,3,
265,2021-02-16,150,3,2024-09-30
265,2024-10-01,110,3,
266,2021-12-30,150,3,
267,2018-08-14,150,3,
268,2021-05-10,150,3,
269,2017-08-03,150,3,
270,2019-04-02,150,3,
271,2020-06-18,150,3,
272,2018-02-09,150,3,
273,2018-09-02,150,3,
274,2023-02-10,150,3,2024-09-30
274,2024-10-01,110,3,
275,2018-02-09,150,3,
276,2019-09-08,150,3,
277,2019-02-10,150,3,
278,2019-01-31,150,3,2024-09-30
278,2024-10-01,110,3,
279,2017-11-15,150,3,
280,2020-04-12,250,3,
281,2020-07-18,150,3,
282,2018-02-17,150,3,
283,2017-04-10,150,3,2024-09-30
283,2024-10-01,110,3,
284,2016-01-05,150,3,
285,2017-09-28,150,3,
286,2019-10-09,150,3,
287,2020-03-22,150,3,
288,2021-10-09,150,3,
289,2020-11-06,150,3,
290,2021-07-03,150,3,2024-09-30
290,2024-10-01,110,3,
291,2016-06-02,150,3,2024-09-30
291,2024-10-01,110,3,
292,2016-04-16,150,3,
293,2021-05-12,150,3,
294,2020-05-31,150,3,
295,2016-06-04,150,3,
296,2017-03-23,150,3,2024-09-30
296,2024-10-01,110,3,
297,2024-03-13,150,3,
298,2017-11-18,150,3,2024-09-30
298,2024-10-01,110,3,
299,2018-01-14,150,3,
300,2021-02-19,250,3,
301,2021-08-13,150,3,2024-09-30
301,2024-10-01,110,3,
302,2021-11-08,150,3,2024-09-30
302,2024-10-01,110,3,
303,2017-09-04,150,3,2024-09-30
303,2024-10-01,110,3,
304,2019-08-27,150,3,
305,2020-10-29,150,3,2024-09-30
305,2024-10-01,110,3,
306,2016-04-19,150,3,
307,2016-09-08,150,3,2024-09-30
307,2024-10-01,110,3,
308,2016-05-18,150,3,
309,2024-08-21,150,3,2024-09-30
309,2024-10-01,110,3,
310,2018-01-27,250,3,
311,2019-07-18,150,3,
312,2016-10-27,400,5,
313,2020-01-06,150,3,
314,2020-12-27,150,3,2024-09-30
314,2024-10-01,110,3,
315,2018-05-12,150,3,2024-09-30
315,2024-10-01,110,3,
316,2019-11-17,250,3,
317,2016-02-03,150,3,
318,2021-12-22,250,3,
319,2024-04-07,150,3,
320,2016-01-29,150,3,2024-09-30
320,2024-10-01,110,3,
321,2016-07-29,150,3,
322,2020-09-13,150,3,2024-09-30
322,2024-10-01,110,3,
323,2023-04-01,150,3,
324,2018-12-22,150,3,
325,2020-03-30,150,3,2024-09-30
325,2024-10-01,110,3,
326,2017-11-30,150,3,2024-09-30
326,2024-10-01,110,3,
327,2018-01-14,250,3,2024-09-30
327,2024-10-01,210,3,
328,2024-06-28,250,3,
329,2017-04-12,150,3,
330,2021-05-17,150,3,
331,2018-07-19,150,3,
332,2021-04-06,250,3,
333,2020-01-15,150,3,
334,2019-11-18,250,3,2024-09-30
334,2024-10-01,210,3,
335,2020-08-04,150,3,
336,2017-08-21,150,3,
337,2020-02-15,150,3,
338,2021-02-06,250,3,
339,2020-11-17,150,3,
340,2020-01-07,150,3,2024-09-30
340,2024-10-01,110,3,
341,2016-02-25,150,3,2024-09-30
341,2024-10-01,110,3,
342,2018-08-02,250,3,2024-09-30
342,2024-10-01,210,3,
343,2016-01-09,150,3,
344,2019-01-05,150,3,2024-09-30
344,2024-10-01,110,3,
345,2016-12-17,150,3,
346,2021-02-17,150,3,
347,2022-06-29,150,3,
348,2024-03-15,150,3,
349,2020-07-25,250,3,
350,2019-08-07,150,3,
351,2020-07-21,250,3,2024-09-30
351,2024-10-01,210,3,
352,2021-06-15,150,3,
353,2017-02-24,250,3,
354,2017-04-10,150,3,
355,2016-02-29,150,3,
356,2020-02-01,250,3,2024-09-30
356,2024-10-01,210,3,
357,2016-12-15,150,3,
358,2022-08-14,150,3,2024-09-30
358,2024-10-01,110,3,
359,2017-05-01,150,3,
360,2017-05-09,150,3,
361,2017-09-18,150,3,
362,2016-07-11,400,5,2024-09-30
362,2024-10-01,360,5,
363,2022-11-12,150,3,
364,2021-09-27,150,3,
365,2017-01-05,150,3,
366,2018-09-08,400,5,
367,2021-04-12,150,3,
368,2021-11-21,150,3,
369,2023-02-19,150,3,
370,2016-02-18,150,3,
371,2018-05-14,150,3,2024-09-30
371,2024-10-01,110,3,
372,2023-04-14,150,3,
373,2016-06-29,150,3,
374,2020-01-27,150,3,
375,2019-02-23,150,3,
376,2017-07-21,150,3,
377,2017-12-22,150,3,
378,2024-03-18,150,3,2024-09-30
378,2024-10-01,110,3,
379,2020-10-26,150,3,2024-09-30
379,2024-10-01,110,3,
380,2021-03-25,250,3,
381,2018-10-24,400,5,
382,2021-09-16,150,3,
383,2017-04-27,150,3,
384,2019-02-26,150,3,2024-09-30
384,2024-10-01,110,3,
385,2018-10-29,150,3,2024-09-30
385,2024-10-01,110,3,
386,2016-12-11,150,3,
387,2020-08-17,250,3,
388,2017-03-12,250,3,
389,2020-04-30,250,3,
390,2021-11-29,250,3,
391,2020-12-03,150,3,2024-09-30
391,2024-10-01,110,3,
392,2021-07-24,150,3,
393,2017-04-18,150,3,
394,2021-12-11,400,5,
395,2020-06-30,150,3,
396,2016-06-21,150,3,
397,2017-02-27,250,3,2024-09-30
397,2024-10-01,210,3,
398,2016-10-10,150,3,2024-09-30
398,2024-10-01,110,3,
399,2024-03-12,150,3,2024-09-30
399,2024-10-01,110,3,
400,2017-01-22,250,3,
401,2023-01-01,150,3,
402,2022-05-31,150,3,
403,2017-11-25,150,3,2024-09-30
403,2024-10-01,110,3,
404,2021-07-12,150,3,
405,2021-02-28,150,3,
406,2023-09-04,250,3,2024-09-30
406,2024-10-01,210,3,
407,2019-08-03,250,3,
408,2022-07-20,250,3,
409,2018-05-05,150,3,2024-09-30
409,2024-10-01,110,3,
410,2022-05-29,150,3,
411,2020-03-28,150,3,
412,2021-09-17,150,3,2024-09-30
412,2024-10-01,110,3,
413,2021-03-03,150,3,
414,2017-07-25,150,3,
415,2019-06-06,150,3,
416,2018-01-07,150,3,
417,2017-07-02,150,3,
418,2022-04-14,150,3,
419,2022-05-01,150,3,
420,2019-01-09,150,3,
421,2018-03-23,250,3,2024-09-30
421,2024-10-01,210,3,
422,2016-03-14,150,3,
423,2018-11-30,150,3,2024-09-30
423,2024-10-01,110,3,
424,2016-02-09,150,3,
425,2016-04-30,150,3,
426,2018-05-31,150,3,2024-09-30
426,2024-10-01,110,3,
427,2020-08-29,150,3,
428,2019-08-14,150,3,
429,2018-09-02,250,3,
430,2024-07-04,150,3,
431,2023-01-04,150,3,2024-09-30
431,2024-10-01,110,3,
432,2018-11-01,150,3,
433,2023-09-16,150,3,
434,2020-07-14,150,3,
435,2017-10-27,150,3,
436,2023-03-07,150,3,
437,2016-02-27,150,3,2024-09-30
437,2024-10-01,110,3,
438,2018-02-24,150,3,
439,2019-11-21,400,5,
440,2020-03-13,150,3,2024-09-30
440,2024-10-01,110,3,
441,2022-09-12,150,3,
442,2022-04-20,150,3,
443,2023-04-30,250,3,
444,2020-11-26,150,3,
445,2018-04-12,400,5,2024-09-30
445,2024-10-01,360,5,
446,2017-12-09,150,3,2024-09-30
446,2024-10-01,110,3,
447,2017-05-12,150,3,
448,2019-08-31,150,3,
449,2016-10-01,150,3,
450,2017-05-05,150,3,
451,2016-06-05,150,3,2024-09-30
451,2024-10-01,110,3,
452,2024-03-01,250,3,2024-09-30
452,2024-10-01,210,3,
453,2016-01-14,150,3,
454,2016-12-02,150,3,
455,2019-09-12,150,3,
456,2018-03-24,150,3,
457,2017-01-16,150,3,
458,2017-01-18,150,3,
459,2023-02-08,150,3,
460,2018-08-13,150,3,2024-09-30
460,2024-10-01,110,3,
461,2019-02-17,250,3,
462,2019-08-04,150,3,
463,2016-04-16,150,3,
464,2019-01-02,150,3,2024-09-30
464,2024-10-01,110,3,
465,2021-05-26,150,3,2024-09-30
465,2024-10-01,110,3,
466,2023-10-23,150,3,
467,2017-08-16,150,3,
468,2021-11-03,150,3,
469,2020-05-28,150,3,
470,2022-04-29,250,3,
471,2021-07-17,150,3,
472,2019-11-07,150,3,
473,2016-05-01,150,3,
474,2021-11-15,150,3,2024-09-30
474,2024-10-01,110,3,
475,2017-11-06,150,3,
476,2020-06-13,150,3,2024-09-30
476,2024-10-01,110,3,
477,2020-07-20,150,3,2024-09-30
477,2024-10-01,110,3,
478,2016-10-24,150,3,
479,2019-09-04,250,3,
480,2021-08-30,250,3,
481,2018-03-03,150,3,
482,2020-08-11,150,3,
483,2020-01-05,150,3,
484,2017-05-26,150,3,2024-09-30
484,2024-10-01,110,3,
485,2021-01-14,150,3,
486,2016-10-05,150,3,
487,2016-01-28,150,3,
488,2021-10-18,150,3,
489,2024-07-12,150,3,2024-09-30
489,2024-10-01,110,3,
490,2021-02-09,400,5,
491,2017-06-08,250,3,
492,2020-04-08,400,5,
493,2021-02-26,150,3,2024-09-30
493,2024-10-01,110,3,
494,2016-01-27,150,3,
495,2016-05-12,150,3,
496,2017-12-22,150,3,
497,2021-02-02,150,3,2024-09-30
497,2024-10-01,110,3,
498,2019-01-08,150,3,
499,2023-01-10,150,3,
500,2023-05-31,150,3,2024-09-30
500,2024-10-01,110,3,
501,2016-03-23,150,3,
502,2020-05-23,150,3,
503,2019-01-16,150,3,
504,2022-07-25,250,3,2024-09-30
504,2024-10-01,210,3,
505,2019-04-27,150,3,2024-09-30
505,2024-10-01,110,3,
506,2016-11-08,150,3,
507,2024-06-12,150,3,
508,2022-05-22,250,3,
509,2017-07-25,250,3,
510,2018-09-11,150,3,
511,2024-04-18,150,3,
512,2024-02-07,150,3,2024-09-30
512,2024-10-01,110,3,
513,2023-09-12,150,3,
514,2018-03-30,150,3,2024-09-30
514,2024-10-01,110,3,
515,2020-08-07,250,3,
516,2016-02-23,150,3,2024-09-30
516,2024-10-01,110,3,
517,2021-08-16,250,3,
518,2019-06-12,150,3,2024-09-30
518,2024-10-01,110,3,
519,2016-12-01,150,3,
520,2022-09-17,150,3,
521,2016-09-26,150,3,
522,2017-07-13,150,3,
523,2018-01-23,150,3,2024-09-30
523,2024-10-01,110,3,
524,2020-01-04,150,3,
525,2022-05-05,250,3,
526,2019-01-14,150,3,
527,2019-08-26,150,3,
528,2023-01-10,150,3,
529,2017-09-30,150,3,
530,2016-03-02,150,3,
531,2020-04-20,150,3,
532,2021-06-14,150,3,2024-09-30
532,2024-10-01,110,3,
533,2020-05-08,150,3,
534,2019-01-14,150,3,
535,2018-09-05,150,3,
536,2017-04-19,150,3,
537,2020-09-28,150,3,2024-09-30
537,2024-10-01,110,3,
538,2016-03-28,150,3,
539,2022-05-08,150,3,
540,2016-09-07,250,3,
541,2016-02-01,250,3,
542,2021-10-19,150,3,
543,2021-12-04,150,3,2024-09-30
543,2024-10-01,110,3,
544,2024-05-27,150,3,
545,2021-10-14,150,3,
546,2020-08-21,150,3,
547,2016-03-25,150,3,
548,2017-03-01,150,3,
549,2018-11-25,250,3,
550,2022-06-22,150,3,
551,2022-05-30,150,3,
552,2024-03-03,150,3,
553,2023-12-31,150,3,2024-09-30
553,2024-10-01,110,3,
554,2017-09-11,250,3,
555,2018-03-03,150,3,
556,2016-10-03,250,3,2024-09-30
556,2024-10-01,210,3,
557,2018-07-31,150,3,
558,2016-10-10,150,3,
559,2020-02-01,400,5,
560,2017-03-29,150,3,
561,2016-05-31,150,3,
562,2021-04-20,150,3,
563,2017-06-16,150,3,2024-09-30
563,2024-10-01,110,3,
564,2024-07-09,250,3,
565,2016-07-06,150,3,
566,2020-08-13,150,3,
567,2021-11-01,150,3,
568,2018-11-10,400,5,2024-09-30
568,2024-10-01,360,5,
569,2020-09-03,150,3,
570,2024-01-19,150,3,
571,2020-03-27,150,3,2024-09-30
571,2024-10-01,110,3,
572,2019-05-12,150,3,
573,2019-04-22,150,3,
574,2023-09-30,150,3,2024-09-30
574,2024-10-01,110,3,
575,2020-06-17,150,3,
576,2021-08-05,150,3,2024-09-30
576,2024-10-01,110,3,
577,2022-07-04,150,3,2024-09-30
577,2024-10-01,110,3,
578,2018-10-09,150,3,
579,2024-02-06,150,3,
580,2020-07-27,250,3,
581,2018-01-15,250,3,2024-09-30
581,2024-10-01,210,3,
582,2020-01-24,150,3,2024-09-30
582,2024-10-01,110,3,
583,2019-07-03,150,3,2024-09-30
583,2024-10-01,110,3,
584,2019-08-04,150,3,
585,2021-01-01,150,3,
586,2022-12-17,150,3,
587,2021-09-08,150,3,
588,2023-01-08,150,3,
589,2019-08-25,150,3,2024-09-30
589,2024-10-01,110,3,
590,2021-12-13,250,3,2024-09-30
590,2024-10-01,210,3,
591,2021-11-16,150,3,
592,2023-09-11,150,3,
593,2017-08-24,150,3,
594,2019-10-06,150,3,2024-09-30
594,2024-10-01,110,3,
595,2019-01-10,150,3,2024-09-30
595,2024-10-01,110,3,
596,2018-06-18,150,3,2024-09-30
596,2024-10-01,110,3,
597,2024-01-15,250,3,
598,2021-09-12,150,3,
599,2016-02-16,150,3,
600,2020-07-24,150,3,2024-09-30
600,2024-10-01,110,3,
601,2016-03-16,250,3,
602,2017-01-30,150,3,2024-09-30
602,2024-10-01,110,3,
603,2019-02-05,250,3,2024-09-30
603,2024-10-01,210,3,
604,2016-11-07,150,3,2024-09-30
604,2024-10-01,110,3,
605,2023-10-10,150,3,
606,2023-06-12,150,3,
607,2022-08-13,150,3,2024-09-30
607,2024-10-01,110,3,
608,2023-02-23,150,3,
609,2023-06-12,150,3,
610,2019-05-29,150,3,
611,2018-06-06,150,3,
612,2021-12-27,150,3,2024-09-30
612,2024-10-01,110,3,
613,2016-05-24,150,3,
614,2020-06-04,150,3,
615,2020-06-08,150,3,
616,2018-12-27,150,3,2024-09-30
616,2024-10-01,110,3,
617,2020-01-11,150,3,
618,2024-02-20,150,3,
619,2020-12-24,150,3,
620,2018-09-01,150,3,2024-09-30
620,2024-10-01,110,3,
621,2020-11-26,150,3,2024-09-30
621,2024-10-01,110,3,
622,2019-12-20,150,3,2024-09-30
622,2024-10-01,110,3,
623,2019-01-31,150,3,2024-09-30
623,2024-10-01,110,3,
624,2020-03-20,150,3,2024-09-30
624,2024-10-01,110,3,
625,2023-07-07,150,3,2024-09-30
625,2024-10-01,110,3,
626,2021-06-25,150,3,
627,2024-03-08,150,3,
628,2018-05-24,400,5,
629,2017-09-08,150,3,2024-09-30
629,2024-10-01,110,3,
630,2021-03-11,150,3,
631,2020-12-23,150,3,
632,2017-01-11,150,3,
633,2016-08-25,150,3,
634,2021-03-28,150,3,
635,2018-04-03,150,3,
636,2016-08-05,150,3,2024-09-30
636,2024-10-01,110,3,
637,2018-01-17,150,3,
638,2017-01-03,150,3,2024-09-30
638,2024-10-01,110,3,
639,2016-07-19,150,3,
640,2019-09-22,150,3,
641,2021-08-10,150,3,2024-09-30
641,2024-10-01,110,3,
642,2018-11-02,150,3,
643,2017-12-16,150,3,2024-09-30
643,2024-10-01,110,3,
644,2023-05-17,150,3,
645,2021-05-24,150,3,2024-09-30
645,2024-10-01,110,3,
646,2020-03-24,150,3,
647,2023-11-16,150,3,2024-09-30
647,2024-10-01,110,3,
648,2018-08-31,150,3,
649,2021-09-16,150,3,
650,2019-08-25,150,3,
651,2022-04-10,150,3,
652,2021-05-29,150,3,
653,2016-04-08,150,3,
654,2018-11-29,150,3,
655,2019-04-30,150,3,
656,2019-10-18,150,3,2024-09-30
656,2024-10-01,110,3,
657,2020-12-16,150,3,
658,2017-11-03,250,3,
659,2020-12-29,400,5,
660,2017-03-04,150,3,2024-09-30
660,2024-10-01,110,3,
661,2022-08-28,150,3,
662,2016-08-20,150,3,
663,2021-09-02,150,3,2024-09-30
663,2024-10-01,110,3,
664,2018-05-12,150,3,
665,2017-11-14,150,3,2024-09-30
665,2024-10-01,110,3,
666,2020-03-17,150,3,
667,2017-10-03,150,3,
668,2019-11-03,150,3,2024-09-30
668,2024-10-01,110,3,
669,2020-08-20,150,3,
670,2017-05-14,150,3,
671,2020-06-28,150,3,
672,2024-03-30,150,3,
673,2020-07-18,150,3,
674,2018-03-07,150,3,
675,2022-06-16,150,3,
676,2020-04-29,150,3,
677,2022-04-26,150,3,
678,2020-10-09,250,3,
679,2016-12-08,150,3,2024-09-30
679,2024-10-01,110,3,
680,2018-01-09,150,3,
681,2021-01-02,150,3,2024-09-30
681,2024-10-01,110,3,
682,2016-04-16,150,3,
683,2019-03-18,150,3,
684,2022-05-28,150,3,
685,2021-12-09,150,3,
686,2020-06-10,250,3,
687,2017-10-14,150,3,
688,2016-08-12,150,3,
689,2019-07-14,150,3,
690,2021-11-04,150,3,
691,2016-02-04,150,3,2024-09-30
691,2024-10-01,110,3,
692,2017-11-06,150,3,
693,2016-09-01,150,3,
694,2017-12-31,150,3,2024-09-30
694,2024-10-01,110,3,
695,2017-06-03,150,3,2024-09-30
695,2024-10-01,110,3,
696,2016-03-13,150,3,
697,2021-04-28,150,3,2024-09-30
697,2024-10-01,110,3,
698,2016-03-22,150,3,2024-09-30
698,2024-10-01,110,3,
699,2019-02-18,150,3,2024-09-30
699,2024-10-01,110,3,
700,2017-02-16,150,3,
701,2019-05-27,150,3,
702,2018-05-17,150,3,
703,2024-03-07,150,3,
704,2021-01-15,150,3,
705,2023-10-30,150,3,
706,2018-07-01,150,3,
707,2016-10-27,150,3,2024-09-30
707,2024-10-01,110,3,
708,2016-07-20,150,3,
709,2016-02-25,150,3,
710,2020-01-31,150,3,
711,2020-07-04,150,3,
712,2016-09-19,150,3,
713,2019-01-08,150,3,2024-09-30
713,2024-10-01,110,3,
714,2018-01-13,250,3,
715,2024-01-26,250,3,
716,2020-05-05,250,3,2024-09-30
716,2024-10-01,210,3,
717,2021-10-13,250,3,
718,2018-07-23,150,3,
719,2018-10-21,150,3,2024-09-30
719,2024-10-01,110,3,
720,2016-08-09,150,3,2024-09-30
720,2024-10-01,110,3,
721,2020-11-05,400,5,
722,2020-01-08,150,3,
723,2017-04-29,150,3,
724,2021-10-31,150,3,
725,2024-04-26,150,3,
726,2016-03-09,150,3,
727,2020-02-22,150,3,
728,2018-12-23,150,3,2024-09-30
728,2024-10-01,110,3,
729,2019-09-29,150,3,
730,2021-08-22,150,3,
731,2017-02-01,150,3,
732,2018-09-05,250,3,
733,2021-05-28,150,3,2024-09-30
733,2024-10-01,110,3,
734,2017-04-17,150,3,
735,2019-10-01,150,3,
736,2021-07-05,150,3,
737,2018-08-21,400,5,2024-09-30
737,2024-10-01,360,5,
738,2023-12-26,150,3,2024-09-30
738,2024-10-01,110,3,
739,2020-09-13,150,3,
740,2021-02-21,150,3,
741,2020-12-25,150,3,2024-09-30
741,2024-10-01,110,3,
742,2019-11-01,150,3,2024-09-30
742,2024-10-01,110,3,
743,2020-01-31,150,3,2024-09-30
743,2024-10-01,110,3,
744,2023-12-15,250,3,
745,2020-03-10,150,3,
746,2019-06-29,150,3,2024-09-30
746,2024-10-01,110,3,
747,2018-11-23,150,3,2024-09-30
747,2024-10-01,110,3,
748,2016-03-05,250,3,2024-09-30
748,2024-10-01,210,3,
749,2023-10-22,150,3,
750,2017-11-01,150,3,2024-09-30
750,2024-10-01,110,3,
751,2017-10-28,150,3,
752,2019-04-19,150,3,2024-09-30
752,2024-10-01,110,3,
753,2017-12-28,150,3,
754,2023-01-10,150,3,
755,2018-09-25,150,3,2024-09-30
755,2024-10-01,110,3,
756,2021-01-16,250,3,
757,2019-09-24,150,3,2024-09-30
757,2024-10-01,110,3,
758,2018-01-06,150,3,
759,2024-06-23,150,3,2024-09-30
759,2024-10-01,110,3,
760,2022-01-18,150,3,
761,2019-02-24,150,3,
762,2020-04-26,150,3,2024-09-30
762,2024-10-01,110,3,
763,2022-05-14,150,3,
764,2016-08-12,150,3,
765,2017-10-27,150,3,
766,2023-04-26,150,3,
767,2020-12-20,150,3,
768,2019-02-13,150,3,2024-09-30
768,2024-10-01,110,3,
769,2021-07-28,150,3,2024-09-30
769,2024-10-01,110,3,
770,2024-05-01,150,3,
771,2022-03-20,150,3,
772,2018-06-17,150,3,2024-09-30
772,2024-10-01,110,3,
773,2016-06-12,250,3,
774,2017-02-20,150,3,
775,2019-08-11,250,3,
776,2020-07-12,400,5,
777,2017-08-15,150,3,2024-09-30
777,2024-10-01,110,3,
778,2018-12-16,150,3,
779,2017-04-14,250,3,
780,2021-11-27,150,3,
781,2022-01-08,150,3,
782,2021-01-08,150,3,
783,2016-03-24,150,3,
784,2018-12-12,250,3,2024-09-30
784,2024-10-01,210,3,
785,2019-11-21,250,3,2024-09-30
785,2024-10-01,210,3,
786,2020-09-11,150,3,2024-09-30
786,2024-10-01,110,3,
787,2018-04-09,150,3,
788,2021-03-03,150,3,2024-09-30
788,2024-10-01,110,3,
789,2016-11-07,150,3,2024-09-30
789,2024-10-01,110,3,
790,2018-03-17,150,3,
791,2018-05-20,150,3,
792,2017-11-20,150,3,
793,2022-10-27,150,3,2024-09-30
793,2024-10-01,110,3,
794,2020-01-06,150,3,
795,2018-04-14,150,3,2024-09-30
795,2024-10-01,110,3,
796,2018-12-23,150,3,
797,2019-05-02,150,3,2024-09-30
797,2024-10-01,110,3,
798,2021-08-28,250,3,
799,2016-07-03,150,3,2024-09-30
799,2024-10-01,110,3,
800,2024-06-09,250,3,2024-09-30
800,2024-10-01,210,3,
801,2022-07-18,150,3,2024-09-30
801,2024-10-01,110,3,
802,2020-06-21,250,3,
803,2021-06-13,250,3,
804,2019-09-28,150,3,
805,2021-05-23,150,3,
806,2020-08-21,150,3,
807,2019-06-17,250,3,2024-09-30
807,2024-10-01,210,3,
808,2021-09-08,150,3,
809,2019-09-30,150,3,
810,2016-05-21,150,3,
811,2018-02-03,150,3,
812,2019-01-01,150,3,
813,2020-12-30,150,3,
814,2017-10-08,150,3,
815,2017-01-28,150,3,2024-09-30
815,2024-10-01,110,3,
816,2020-08-21,150,3,
817,2020-01-19,250,3,
818,2021-07-03,150,3,
819,2018-03-12,250,3,
820,2017-04-28,150,3,2024-09-30
820,2024-10-01,110,3,
821,2019-12-19,150,3,
822,2021-05-31,150,3,
823,2017-03-02,150,3,2024-09-30
823,2024-10-01,110,3,
824,2018-09-07,150,3,2024-09-30
824,2024-10-01,110,3,
825,2019-04-29,150,3,2024-09-30
825,2024-10-01,110,3,
826,2018-01-22,150,3,2024-09-30
826,2024-10-01,110,3,
827,2024-08-03,150,3,
828,2020-03-21,150,3,
829,2018-04-14,150,3,2024-09-30
829,2024-10-01,110,3,
830,2017-08-05,150,3,
831,2018-07-17,150,3,
832,2022-11-06,150,3,
833,2017-02-09,150,3,2024-09-30
833,2024-10-01,110,3,
834,2022-07-30,400,5,
835,2017-09-02,150,3,
836,2017-08-19,150,3,2024-09-30
836,2024-10-01,110,3,
837,2018-12-05,150,3,
838,2022-05-22,150,3,
839,2024-08-09,150,3,
840,2019-10-02,150,3,
841,2017-06-21,250,3,2024-09-30
841,2024-10-01,210,3,
842,2024-07-13,150,3,
843,2019-12-08,150,3,2024-09-30
843,2024-10-01,110,3,
844,2022-10-11,150,3,2024-09-30
844,2024-10-01,110,3,
845,2016-10-21,150,3,
846,2017-09-19,150,3,
847,2016-11-07,150,3,
848,2020-12-03,150,3,
849,2016-05-12,150,3,
850,2022-04-09,150,3,
851,2016-12-25,150,3,2024-09-30
851,2024-10-01,110,3,
852,2018-03-02,150,3,2024-09-30
852,2024-10-01,110,3,
853,2016-05-26,150,3,
854,2021-08-18,150,3,
855,2022-01-19,150,3,
856,2016-01-03,150,3,
857,2017-04-19,150,3,
858,2016-02-02,150,3,2024-09-30
858,2024-10-01,110,3,
859,2017-07-16,150,3,
860,2018-07-05,150,3,2024-09-30
860,2024-10-01,110,3,
861,2023-05-13,150,3,
862,2017-03-17,250,3,
863,2020-11-03,150,3,
864,2020-11-15,150,3,2024-09-30
864,2024-10-01,110,3,
865,2021-11-21,150,3,
866,2024-04-17,150,3,
867,2023-03-01,150,3,
868,2018-03-29,150,3,
869,2018-01-03,150,3,2024-09-30
869,2024-10-01,110,3,
870,2023-07-01,150,3,2024-09-30
870,2024-10-01,110,3,
871,2022-01-15,150,3,
872,2022-06-01,150,3,
873,2021-03-22,150,3,2024-09-30
873,2024-10-01,110,3,
874,2023-03-06,150,3,
875,2018-07-18,150,3,
876,2018-03-22,150,3,2024-09-30
876,2024-10-01,110,3,
877,2022-12-23,250,3,
878,2021-02-07,400,5,2024-09-30
878,2024-10-01,360,5,
879,2016-09-05,150,3,2024-09-30
879,2024-10-01,110,3,
880,2017-03-15,150,3,2024-09-30
880,2024-10-01,110,3,
881,2023-11-13,250,3,2024-09-30
881,2024-10-01,210,3,
882,2019-01-04,150,3,2024-09-30
882,2024-10-01,110,3,
883,2017-02-08,250,3,
884,2021-10-13,150,3,2024-09-30
884,2024-10-01,110,3,
885,2018-11-29,150,3,
886,2023-02-18,150,3,2024-09-30
886,2024-10-01,110,3,
887,2021-05-31,150,3,
888,2017-01-24,150,3,
889,2020-10-14,150,3,2024-09-30
889,2024-10-01,110,3,
890,2017-05-23,150,3,2024-09-30
890,2024-10-01,110,3,
891,2023-09-23,250,3,
892,2022-03-18,150,3,
893,2016-10-25,150,3,2024-09-30
893,2024-10-01,110,3,
894,2023-12-20,150,3,
895,2019-01-22,150,3,
896,2018-05-20,250,3,2024-09-30
896,2024-10-01,210,3,
897,2016-06-30,150,3,
898,2019-10-07,150,3,
899,2017-08-11,150,3,2024-09-30
899,2024-10-01,110,3,
900,2016-06-29,150,3,
901,2018-05-01,150,3,
902,2021-01-31,150,3,
903,2018-05-22,150,3,
904,2016-12-31,150,3,
905,2022-09-20,150,3,
906,2018-01-25,150,3,
907,2016-12-31,150,3,
908,2018-10-19,150,3,
909,2019-07-04,150,3,
910,2021-12-26,150,3,
911,2021-03-29,250,3,
912,2023-07-12,250,3,
913,2023-02-16,150,3,
914,2020-01-14,150,3,
915,2017-11-27,150,3,2024-09-30
915,2024-10-01,110,3,
916,2018-02-18,150,3,2024-09-30
916,2024-10-01,110,3,
917,2018-09-27,150,3,
918,2022-12-26,150,3,
919,2020-04-12,150,3,
920,2020-01-10,150,3,
921,2016-11-10,250,3,
922,2019-12-06,150,3,2024-09-30
922,2024-10-01,110,3,
923,2016-05-10,150,3,
924,2022-10-26,150,3,
925,2024-02-06,150,3,
926,2020-04-04,150,3,
927,2020-07-11,150,3,
928,2022-02-19,150,3,
929,2023-12-18,150,3,2024-09-30
929,2024-10-01,110,3,
930,2018-08-23,150,3,
931,2019-05-20,250,3,
932,2018-06-10,150,3,2024-09-30
932,2024-10-01,110,3,
933,2020-07-31,250,3,
934,2018-12-28,150,3,2024-09-30
934,2024-10-01,110,3,
935,2023-01-08,150,3,
936,2018-08-25,250,3,
937,2018-02-03,150,3,
938,2021-03-09,400,5,2024-09-30
938,2024-10-01,360,5,
939,2017-08-19,150,3,
940,2017-11-26,150,3,2024-09-30
940,2024-10-01,110,3,
941,2022-01-22,150,3,
942,2019-08-25,150,3,2024-09-30
942,2024-10-01,110,3,
943,2022-10-01,250,3,2024-09-30
943,2024-10-01,210,3,
944,2018-07-01,250,3,
945,2019-01-23,150,3,
946,2018-08-26,150,3,
947,2020-01-21,150,3,
948,2016-08-12,150,3,
949,2016-09-13,150,3,
950,2018-09-20,250,3,
951,2021-06-30,250,3,2024-09-30
951,2024-10-01,210,3,
952,2021-05-06,150,3,2024-09-30
952,2024-10-01,110,3,
953,2023-09-12,150,3,
954,2022-12-26,150,3,
955,2017-11-05,150,3,
956,2020-07-21,150,3,2024-09-30
956,2024-10-01,110,3,
957,2020-01-09,150,3,
958,2021-10-17,150,3,2024-09-30
958,2024-10-01,110,3,
959,2016-03-17,150,3,2024-09-30
959,2024-10-01,110,3,
960,2024-04-17,150,3,2024-09-30
960,2024-10-01,110,3,
961,2022-10-25,150,3,
962,2021-02-21,150,3,2024-09-30
962,2024-10-01,110,3,
963,2018-02-05,150,3,
964,2024-02-07,150,3,
965,2023-06-17,150,3,
966,2019-12-13,150,3,
967,2020-11-01,150,3,
968,2017-09-04,250,3,
969,2017-11-24,150,3,
970,2020-09-04,150,3,
971,2019-02-20,150,3,
972,2023-01-09,250,3,2024-09-30
972,2024-10-01,210,3,
973,2018-05-19,250,3,
974,2016-12-12,150,3,
975,2018-03-31,150,3,2024-09-30
975,2024-10-01,110,3,
976,2017-08-08,150,3,2024-09-30
976,2024-10-01,110,3,
977,2019-12-24,250,3,
978,2016-06-01,150,3,
979,2022-07-03,250,3,
980,2022-05-30,150,3,
981,2018-03-13,150,3,
982,2021-07-23,150,3,2024-09-30
982,2024-10-01,110,3,
983,2017-12-27,150,3,
984,2018-09-29,150,3,
985,2016-07-26,150,3,2024-09-30
985,2024-10-01,110,3,
986,2020-07-13,150,3,
987,2024-07-15,150,3,
988,2021-08-23,150,3,
989,2018-03-08,150,3,
990,2018-10-04,250,3,
991,2021-01-12,150,3,
992,2021-08-14,150,3,
993,2017-06-14,150,3,2024-09-30
993,2024-10-01,110,3,
994,2020-12-01,150,3,
995,2021-12-30,150,3,2024-09-30
995,2024-10-01,110,3,
996,2017-08-02,150,3,
997,2018-05-14,150,3,2024-09-30
997,2024-10-01,110,3,
998,2019-07-31,150,3,
999,2021-06-03,150,3,2024-09-30
999,2024-10-01,110,3,
1000,2019-11-19,150,3,
1001,2019-11-10,250,3,
1002,2019-02-03,150,3,
1003,2020-01-03,150,3,
1004,2018-03-30,250,3,2024-09-30
1004,2024-10-01,210,3,
1005,2016-10-22,150,3,2024-09-30
1005,2024-10-01,110,3,
1006,2023-06-27,150,3,2024-09-30
1006,2024-10-01,110,3,
1007,2022-01-11,150,3,
1008,2016-06-10,150,3,
1009,2019-07-12,150,3,
1010,2017-03-19,150,3,
1011,2023-07-07,150,3,
1012,2016-09-24,150,3,
1013,2016-12-18,150,3,
1014,2022-01-12,150,3,
1015,2022-05-05,250,3,
1016,2022-06-05,150,3,
1017,2020-03-24,150,3,
1018,2020-11-05,150,3,2024-09-30
1018,2024-10-01,110,3,
1019,2017-04-11,150,3,2024-09-30
1019,2024-10-01,110,3,
1020,2019-12-27,150,3,
1021,2019-04-16,150,3,
1022,2016-01-28,150,3,
1023,2020-03-27,150,3,2024-09-30
1023,2024-10-01,110,3,
1024,2022-11-05,150,3,
1025,2018-06-11,150,3,
1026,2018-08-31,150,3,2024-09-30
1026,2024-10-01,110,3,
1027,2016-11-30,150,3,
1028,2019-11-18,150,3,
1029,2017-10-10,150,3,
1030,2023-02-03,150,3,
1031,2020-01-12,150,3,
1032,2023-04-05,150,3,
1033,2016-06-12,150,3,
1034,2019-09-08,250,3,
1035,2016-12-04,150,3,
1036,2018-03-01,150,3,
1037,2016-06-09,400,5,
1038,2016-04-27,150,3,
1039,2020-07-13,150,3,
1040,2020-05-16,150,3,
1041,2017-02-28,150,3,2024-09-30
1041,2024-10-01,110,3,
1042,2017-07-24,250,3,
1043,2019-02-14,150,3,
1044,2021-09-06,150,3,2024-09-30
1044,2024-10-01,110,3,
1045,2016-02-26,150,3,2024-09-30
1045,2024-10-01,110,3,
1046,2018-06-18,150,3,2024-09-30
1046,2024-10-01,110,3,
1047,2023-08-13,150,3,
1048,2023-07-17,150,3,
1049,2016-03-12,150,3,2024-09-30
1049,2024-10-01,110,3,
1050,2016-03-21,150,3,
1051,2021-12-21,150,3,
1052,2016-07-16,150,3,
1053,2024-07-02,150,3,2024-09-30
1053,2024-10-01,110,3,
1054,2016-12-27,150,3,
1055,2022-06-10,250,3,2024-09-30
1055,2024-10-01,210,3,
1056,2023-08-29,150,3,
1057,2016-10-13,150,3,
1058,2022-10-18,150,3,
1059,2019-12-17,150,3,2024-09-30
1059,2024-10-01,110,3,
1060,2017-08-14,400,5,
1061,2023-05-29,150,3,
1062,2017-01-04,150,3,2024-09-30
1062,2024-10-01,110,3,
1063,2017-01-02,150,3,2024-09-30
1063,2024-10-01,110,3,
1064,2018-01-15,150,3,
1065,2019-08-30,150,3,
1066,2019-08-08,150,3,2024-09-30
1066,2024-10-01,110,3,
1067,2017-07-11,150,3,
1068,2016-04-26,150,3,
1069,2022-05-17,150,3,
1070,2018-12-05,150,3,
1071,2016-11-24,250,3,
1072,2016-08-29,250,3,
1073,2020-11-06,150,3,2024-09-30
1073,2024-10-01,110,3,
1074,2016-11-08,150,3,2024-09-30
1074,2024-10-01,110,3,
1075,2019-07-28,400,5,
1076,2020-05-29,150,3,
1077,2018-11-26,150,3,
1078,2016-11-12,150,3,
1079,2016-04-25,150,3,2024-09-30
1079,2024-10-01,110,3,
1080,2020-10-12,150,3,
1081,2018-10-29,250,3,
1082,2019-04-07,150,3,
1083,2020-05-10,150,3,
1084,2018-04-19,250,3,2024-09-30
1084,2024-10-01,210,3,
1085,2020-02-12,150,3,
1086,2021-10-26,250,3,
1087,2019-02-17,250,3,2024-09-30
1087,2024-10-01,210,3,
1088,2019-08-22,150,3,2024-09-30
1088,2024-10-01,110,3,
1089,2016-07-25,400,5,2024-09-30
1089,2024-10-01,360,5,
1090,2018-04-20,250,3,2024-09-30
1090,2024-10-01,210,3,
1091,2020-06-29,150,3,
1092,2018-01-14,250,3,
1093,2017-03-16,150,3,
1094,2020-09-11,150,3,
1095,2021-08-30,150,3,2024-09-30
1095,2024-10-01,110,3,
1096,2021-10-13,150,3,2024-09-30
1096,2024-10-01,110,3,
1097,2020-06-01,250,3,
1098,2020-11-05,150,3,2024-09-30
1098,2024-10-01,110,3,
1099,2019-07-20,150,3,2024-09-30
1099,2024-10-01,110,3,
1100,2023-02-21,150,3,
1101,2018-09-28,250,3,
1102,2023-10-19,150,3,
1103,2016-11-05,150,3,2024-09-30
1103,2024-10-01,110,3,
1104,2023-05-14,150,3,
1105,2019-03-16,150,3,2024-09-30
1105,2024-10-01,110,3,
1106,2021-12-23,150,3,
1107,2021-07-02,250,3,
1108,2017-02-09,150,3,
1109,2016-03-14,250,3,
1110,2018-09-07,150,3,
1111,2018-04-12,150,3,
1112,2018-03-10,150,3,2024-09-30
1112,2024-10-01,110,3,
1113,2017-10-03,150,3,
1114,2020-07-21,150,3,
1115,2018-02-11,150,3,
1116,2021-04-27,150,3,
1117,2016-08-14,150,3,
1118,2016-12-03,150,3,
1119,2019-06-12,150,3,
1120,2021-01-30,250,3,
1121,2020-03-02,150,3,
1122,2016-03-27,150,3,2024-09-30
1122,2024-10-01,110,3,
1123,2023-01-05,150,3,2024-09-30
1123,2024-10-01,110,3,
1124,2020-03-17,150,3,
1125,2019-08-17,150,3,
1126,2016-07-14,150,3,2024-09-30
1126,2024-10-01,110,3,
1127,2020-11-12,150,3,2024-09-30
1127,2024-10-01,110,3,
1128,2016-07-18,150,3,
1129,2019-10-26,150,3,2024-09-30
1129,2024-10-01,110,3,
1130,2018-06-27,250,3,
1131,2021-03-04,150,3,2024-09-30
1131,2024-10-01,110,3,
1132,2018-01-07,150,3,2024-09-30
1132,2024-10-01,110,3,
1133,2016-05-15,150,3,
1134,2019-02-01,150,3,
1135,2018-05-11,150,3,2024-09-30
1135,2024-10-01,110,3,
1136,2023-11-26,250,3,
1137,2017-01-16,150,3,
1138,2019-05-20,150,3,
1139,2021-04-22,150,3,
1140,2021-04-02,400,5,
1141,2021-12-31,150,3,
1142,2021-06-09,250,3,
1143,2017-09-03,150,3,
1144,2019-09-06,150,3,
1145,2018-11-07,150,3,
1146,2016-11-24,150,3,
1147,2024-06-15,150,3,
1148,2017-05-27,250,3,2024-09-30
1148,2024-10-01,210,3,
1149,2020-01-13,150,3,
1150,2017-12-25,250,3,
1151,2016-12-11,150,3,2024-09-30
1151,2024-10-01,110,3,
1152,2024-09-01,150,3,2024-09-30
1152,2024-10-01,110,3,
1153,2019-02-13,150,3,
1154,2024-04-02,150,3,
1155,2024-01-19,150,3,2024-09-30
1155,2024-10-01,110,3,
1156,2022-07-28,150,3,
1157,2016-10-21,150,3,
1158,2020-06-26,150,3,
1159,2020-08-31,150,3,
1160,2020-03-02,150,3,2024-09-30
1160,2024-10-01,110,3,
1161,2017-03-19,150,3,
1162,2016-09-25,150,3,
1163,2022-10-18,150,3,
1164,2022-08-01,150,3,
1165,2017-05-27,150,3,
1166,2020-06-07,150,3,2024-09-30
1166,2024-10-01,110,3,
1167,2022-04-01,150,3,
1168,2020-02-11,150,3,
1169,2017-10-23,150,3,
1170,2023-09-22,150,3,
1171,2020-03-31,150,3,2024-09-30
1171,2024-10-01,110,3,
1172,2019-09-27,150,3,
1173,2021-06-02,250,3,2024-09-30
1173,2024-10-01,210,3,
1174,2018-03-16,150,3,
1175,2016-07-02,150,3,
1176,2016-05-25,150,3,2024-09-30
1176,2024-10-01,110,3,
1177,2020-06-15,150,3,
1178,2020-07-24,150,3,
1179,2018-06-21,250,3,2024-09-30
1179,2024-10-01,210,3,
1180,2016-12-23,150,3,
1181,2024-02-21,400,5,
1182,2020-09-15,250,3,
1183,2019-03-02,250,3,
1184,2017-02-18,150,3,
1185,2023-11-06,150,3,
1186,2017-05-24,150,3,
1187,2022-09-10,150,3,2024-09-30
1187,2024-10-01,110,3,
1188,2017-09-04,150,3,2024-09-30
1188,2024-10-01,110,3,
1189,2016-09-16,150,3,
1190,2018-05-05,150,3,
1191,2022-04-24,150,3,2024-09-30
1191,2024-10-01,110,3,
1192,2020-03-04,150,3,
1193,2019-12-11,400,5,
1194,2023-09-18,150,3,
1195,2023-06-08,150,3,2024-09-30
1195,2024-10-01,110,3,
1196,2018-06-08,150,3,2024-09-30
1196,2024-10-01,110,3,
1197,2016-03-02,150,3,
1198,2022-09-27,150,3,
1199,2017-11-12,150,3,
1200,2021-01-26,150,3,2024-09-30
1200,2024-10-01,110,3,
1201,2016-06-12,150,3,
1202,2017-08-24,400,5,
1203,2016-01-04,150,3,
1204,2018-03-08,150,3,
1205,2023-06-24,250,3,
1206,2020-05-01,150,3,
1207,2017-06-06,150,3,
1208,2021-03-24,150,3,
1209,2016-03-02,250,3,
1210,2016-02-22,150,3,
1211,2023-12-25,150,3,
1212,2022-09-03,400,5,
1213,2016-02-24,150,3,2024-09-30
1213,2024-10-01,110,3,
1214,2018-11-17,250,3,
1215,2022-05-03,250,3,
1216,2021-06-23,150,3,2024-09-30
1216,2024-10-01,110,3,
1217,2016-06-24,250,3,
1218,2020-10-10,400,5,
1219,2023-10-28,150,3,2024-09-30
1219,2024-10-01,110,3,
1220,2023-03-29,150,3,
1221,2016-10-17,150,3,
1222,2019-06-09,250,3,
1223,2019-05-20,150,3,2024-09-30
1223,2024-10-01,110,3,
1224,2019-12-15,150,3,2024-09-30
1224,2024-10-01,110,3,
1225,2020-01-01,150,3,
1226,2020-05-27,150,3,
1227,2024-06-03,150,3,
1228,2019-04-26,150,3,
1229,2023-04-29,150,3,2024-09-30
1229,2024-10-01,110,3,
1230,2021-06-09,250,3,
1231,2020-12-16,250,3,
1232,2017-11-11,150,3,
1233,2020-02-24,150,3,
1234,2024-01-30,150,3,2024-09-30
1234,2024-10-01,110,3,
1235,2023-12-21,250,3,
1236,2021-01-12,250,3,
1237,2023-02-23,250,3,
1238,2022-11-28,150,3,2024-09-30
1238,2024-10-01,110,3,
1239,2023-12-03,150,3,
1240,2021-09-18,150,3,
1241,2019-10-27,150,3,2024-09-30
1241,2024-10-01,110,3,
1242,2016-07-03,150,3,
1243,2020-04-29,150,3,
1244,2017-02-10,150,3,
1245,2018-11-04,150,3,2024-09-30
1245,2024-10-01,110,3,
1246,2024-02-20,250,3,
1247,2019-07-05,150,3,
1248,2022-01-20,150,3,2024-09-30
1248,2024-10-01,110,3,
1249,2020-02-19,250,3,2024-09-30
1249,2024-10-01,210,3,
1250,2018-07-14,150,3,2024-09-30
1250,2024-10-01,110,3,
1251,2017-07-18,150,3,2024-09-30
1251,2024-10-01,110,3,
1252,2018-01-17,150,3,2024-09-30
1252,2024-10-01,110,3,
1253,2018-02-10,150,3,
1254,2020-12-01,150,3,2024-09-30
1254,2024-10-01,110,3,
1255,2022-12-01,250,3,
1256,2020-04-05,150,3,
1257,2021-04-16,150,3,
1258,2016-12-09,150,3,2024-09-30
1258,2024-10-01,110,3,
1259,2017-09-23,150,3,
1260,2020-02-20,250,3,
1261,2016-09-07,150,3,
1262,2018-04-04,150,3,2024-09-30
1262,2024-10-01,110,3,
1263,2023-11-14,150,3,
1264,2017-05-05,150,3,2024-09-30
1264,2024-10-01,110,3,
1265,2019-07-29,250,3,2024-09-30
1265,2024-10-01,210,3,
1266,2016-02-24,250,3,
1267,2021-01-14,400,5,
1268,2021-11-29,250,3,
1269,2021-03-20,250,3,
1270,2016-06-24,150,3,
1271,2017-03-05,150,3,
1272,2021-03-17,150,3,
1273,2019-01-31,150,3,
1274,2020-01-19,150,3,2024-09-30
1274,2024-10-01,110,3,
1275,2017-04-03,150,3,
1276,2020-11-25,150,3,
1277,2024-06-21,150,3,2024-09-30
1277,2024-10-01,110,3,
1278,2022-11-06,150,3,2024-09-30
1278,2024-10-01,110,3,
1279,2016-06-12,150,3,2024-09-30
1279,2024-10-01,110,3,
1280,2020-11-11,150,3,2024-09-30
1280,2024-10-01,110,3,
1281,2019-06-29,150,3,
1282,2021-06-16,150,3,2024-09-30
1282,2024-10-01,110,3,
1283,2020-06-09,250,3,
1284,2019-12-10,150,3,2024-09-30
1284,2024-10-01,110,3,
1285,2020-08-31,150,3,
1286,2021-07-29,150,3,
1287,2017-02-27,150,3,
1288,2017-02-26,150,3,
1289,2020-09-21,150,3,
1290,2024-06-28,150,3,
1291,2024-05-18,150,3,2024-09-30
1291,2024-10-01,110,3,
1292,2019-01-21,150,3,
1293,2020-01-11,150,3,
1294,2020-02-11,150,3,2024-09-30
1294,2024-10-01,110,3,
1295,2016-07-31,150,3,
1296,2024-02-19,150,3,2024-09-30
1296,2024-10-01,110,3,
1297,2020-05-13,150,3,
1298,2016-10-24,400,5,
1299,2020-09-20,150,3,
1300,2016-12-16,150,3,
1301,2019-09-08,150,3,
1302,2016-01-25,150,3,
1303,2017-08-30,150,3,
1304,2021-08-18,150,3,
1305,2022-10-18,150,3,2024-09-30
1305,2024-10-01,110,3,
1306,2020-09-08,250,3,
1307,2016-06-27,150,3,2024-09-30
1307,2024-10-01,110,3,
1308,2020-08-30,150,3,2024-09-30
1308,2024-10-01,110,3,
1309,2021-12-23,150,3,
1310,2017-04-28,150,3,
1311,2024-02-11,150,3,
1312,2020-07-06,150,3,
1313,2018-09-26,150,3,2024-09-30
1313,2024-10-01,110,3,
1314,2019-03-11,150,3,
1315,2016-01-12,150,3,2024-09-30
1315,2024-10-01,110,3,
1316,2020-12-19,150,3,
1317,2020-12-09,150,3,
1318,2016-11-07,150,3,
1319,2024-01-23,150,3,
1320,2018-12-16,150,3,
1321,2017-04-08,150,3,
1322,2017-07-07,150,3,
1323,2019-10-17,150,3,
1324,2017-05-27,150,3,
1325,2017-06-09,150,3,
1326,2018-06-17,150,3,
1327,2018-03-21,150,3,
1328,2017-07-07,250,3,2024-09-30
1328,2024-10-01,210,3,
1329,2017-11-23,150,3,
1330,2024-01-29,150,3,2024-09-30
1330,2024-10-01,110,3,
1331,2020-01-20,150,3,
1332,2020-07-01,150,3,
1333,2020-08-15,150,3,
1334,2019-03-20,150,3,2024-09-30
1334,2024-10-01,110,3,
1335,2022-05-20,250,3,
1336,2019-04-06,150,3,
1337,2023-07-29,150,3,
1338,2021-11-27,150,3,2024-09-30
1338,2024-10-01,110,3,
1339,2017-06-15,150,3,
1340,2019-11-16,400,5,2024-09-30
1340,2024-10-01,360,5,
1341,2018-03-12,150,3,2024-09-30
1341,2024-10-01,110,3,
1342,2020-12-14,150,3,
1343,2023-07-04,150,3,
1344,2016-11-07,400,5,
1345,2016-09-11,150,3,
1346,2021-10-03,150,3,
1347,2016-06-21,150,3,
1348,2020-01-19,150,3,2024-09-30
1348,2024-10-01,110,3,
1349,2018-02-18,250,3,
1350,2024-07-12,250,3,2024-09-30
1350,2024-10-01,210,3,
1351,2024-05-09,150,3,2024-09-30
1351,2024-10-01,110,3,
1352,2017-01-03,150,3,
1353,2020-09-21,150,3,
1354,2021-01-04,150,3,2024-09-30
1354,2024-10-01,110,3,
1355,2020-06-20,150,3,
1356,2023-04-04,150,3,
1357,2016-05-16,150,3,
1358,2018-04-26,150,3,2024-09-30
1358,2024-10-01,110,3,
1359,2017-05-24,150,3,
1360,2017-02-26,400,5,
1361,2020-09-18,150,3,
1362,2021-06-20,150,3,
1363,2017-03-12,250,3,
1364,2024-03-10,150,3,
1365,2018-04-20,250,3,
1366,2022-03-19,250,3,
1367,2017-01-22,250,3,
1368,2019-02-13,150,3,
1369,2018-01-10,250,3,
1370,2016-10-28,150,3,
1371,2022-01-10,150,3,
1372,2023-07-01,150,3,2024-09-30
1372,2024-10-01,110,3,
1373,2016-02-14,150,3,2024-09-30
1373,2024-10-01,110,3,
1374,2019-05-16,150,3,
1375,2016-03-15,150,3,
1376,2018-07-11,150,3,2024-09-30
1376,2024-10-01,110,3,
1377,2016-04-29,150,3,2024-09-30
1377,2024-10-01,110,3,
1378,2021-11-24,400,5,
1379,2018-05-27,150,3,
1380,2023-10-23,150,3,
1381,2019-12-02,150,3,2024-09-30
1381,2024-10-01,110,3,
1382,2023-10-18,150,3,2024-09-30
1382,2024-10-01,110,3,
1383,2016-03-03,150,3,2024-09-30
1383,2024-10-01,110,3,
1384,2018-09-11,250,3,
1385,2023-07-13,150,3,2024-09-30
1385,2024-10-01,110,3,
1386,2021-08-28,150,3,2024-09-30
1386,2024-10-01,110,3,
1387,2024-08-15,150,3,
1388,2016-05-18,150,3,2024-09-30
1388,2024-10-01,110,3,
1389,2024-02-29,150,3,2024-09-30
1389,2024-10-01,110,3,
1390,2021-01-27,150,3,
1391,2022-04-14,150,3,2024-09-30
1391,2024-10-01,110,3,
1392,2022-02-06,150,3,
1393,2019-09-10,150,3,
1394,2023-02-24,250,3,
1395,2023-12-31,150,3,2024-09-30
1395,2024-10-01,110,3,
1396,2018-08-06,150,3,2024-09-30
1396,2024-10-01,110,3,
1397,2018-05-06,150,3,
1398,2017-12-31,150,3,
1399,2023-05-03,150,3,
1400,2017-07-11,150,3,2024-09-30
1400,2024-10-01,110,3,
1401,2023-04-18,150,3,
1402,2019-09-11,150,3,
1403,2020-11-12,150,3,
1404,2019-12-28,150,3,2024-09-30
1404,2024-10-01,110,3,
1405,2019-10-30,150,3,
1406,2021-09-08,400,5,
1407,2022-06-07,150,3,
1408,2017-11-03,400,5,
1409,2017-02-28,250,3,
1410,2018-08-21,150,3,
1411,2018-10-23,150,3,2024-09-30
1411,2024-10-01,110,3,
1412,2022-05-03,150,3,
1413,2022-09-05,150,3,
1414,2022-08-28,150,3,
1415,2016-09-04,150,3,
1416,2020-07-17,150,3,2024-09-30
1416,2024-10-01,110,3,
1417,2017-11-23,250,3,
1418,2022-09-01,250,3,2024-09-30
1418,2024-10-01,210,3,
1419,2020-08-11,150,3,2024-09-30
1419,2024-10-01,110,3,
1420,2021-01-15,150,3,
1421,2018-12-12,150,3,
1422,2023-05-27,150,3,
1423,2021-10-27,150,3,2024-09-30
1423,2024-10-01,110,3,
1424,2023-06-14,150,3,
1425,2021-01-22,250,3,
1426,2016-06-01,150,3,2024-09-30
1426,2024-10-01,110,3,
1427,2017-09-28,150,3,
1428,2016-02-02,150,3,
1429,2021-05-26,150,3,2024-09-30
1429,2024-10-01,110,3,
1430,2021-08-09,150,3,
1431,2021-07-10,150,3,
1432,2016-02-14,150,3,
1433,2019-08-01,150,3,2024-09-30
1433,2024-10-01,110,3,
1434,2016-03-03,150,3,
1435,2019-04-21,150,3,
1436,2020-03-16,150,3,
1437,2017-06-16,150,3,
1438,2019-06-01,150,3,
1439,2017-07-31,150,3,
1440,2021-02-14,150,3,
1441,2020-04-11,150,3,
1442,2021-01-22,150,3,
1443,2016-06-23,150,3,
1444,2022-11-23,150,3,
1445,2020-09-10,150,3,
1446,2020-07-01,400,5,
1447,2020-01-25,150,3,2024-09-30
1447,2024-10-01,110,3,
1448,2019-05-04,150,3,
1449,2019-04-12,150,3,
1450,2017-07-15,150,3,
1451,2016-08-27,250,3,2024-09-30
1451,2024-10-01,210,3,
1452,2023-01-21,150,3,2024-09-30
1452,2024-10-01,110,3,
1453,2021-03-13,250,3,
1454,2016-09-21,150,3,
1455,2019-10-19,150,3,
1456,2016-06-25,250,3,2024-09-30
1456,2024-10-01,210,3,
1457,2019-04-11,250,3,2024-09-30
1457,2024-10-01,210,3,
1458,2020-04-26,150,3,2024-09-30
1458,2024-10-01,110,3,
1459,2018-01-24,250,3,
1460,2020-03-04,150,3,2024-09-30
1460,2024-10-01,110,3,
1461,2024-03-05,250,3,
1462,2016-05-17,150,3,
1463,2022-07-14,150,3,
1464,2018-12-18,250,3,
1465,2019-08-04,150,3,
1466,2020-10-16,150,3,
1467,2017-11-12,150,3,
1468,2024-04-09,150,3,
1469,2019-05-17,150,3,2024-09-30
1469,2024-10-01,110,3,
1470,2016-03-26,250,3,
1471,2020-04-22,150,3,
1472,2019-04-12,250,3,
1473,2018-07-22,250,3,2024-09-30
1473,2024-10-01,210,3,
1474,2017-07-03,250,3,
1475,2017-10-01,150,3,2024-09-30
1475,2024-10-01,110,3,
1476,2016-03-04,150,3,2024-09-30
1476,2024-10-01,110,3,
1477,2017-02-08,150,3,
1478,2021-04-07,250,3,2024-09-30
1478,2024-10-01,210,3,
1479,2016-10-13,150,3,
1480,2018-02-27,150,3,
1481,2018-07-07,150,3,
1482,2017-01-27,150,3,2024-09-30
1482,2024-10-01,110,3,
1483,2024-06-17,150,3,
1484,2018-11-04,150,3,2024-09-30
1484,2024-10-01,110,3,
1485,2018-08-03,150,3,
1486,2016-01-12,150,3,2024-09-30
1486,2024-10-01,110,3,
1487,2016-11-11,150,3,
1488,2019-12-25,150,3,
1489,2019-08-30,150,3,2024-09-30
1489,2024-10-01,110,3,
1490,2021-04-19,150,3,
1491,2016-05-05,150,3,
1492,2024-07-07,150,3,
1493,2022-12-05,150,3,2024-09-30
1493,2024-10-01,110,3,
1494,2016-05-03,150,3,
1495,2021-04-05,150,3,2024-09-30
1495,2024-10-01,110,3,
1496,2018-09-30,150,3,
1497,2021-08-18,150,3,
1498,2018-05-14,150,3,
1499,2018-07-10,400,5,
1500,2016-01-12,150,3,
